{
  "BUDGET_USDT": 30,
  "SLIPPAGE": 0.5,
  "MAX_OPEN_POSITIONS": 6,
  "TAKE_PROFIT_PCT": 8.0,
  "TRAILING_STOP_PCT": 2.0,
  "STOP_LOSS_PCT": -10.0,
  "ATR_STOP_LOSS_MULTIPLIER": 1.5,
  "MIN_LIQUIDITY_USDT": 2000,
  "MIN_24H_VOLUME_USDT": 10000,
  "SYMBOLS": ["BTCUSDT", "ETHUSDT", "BNBUSDT"],

  "USE_COINGECKO_API": true,
  "COINGECKO_TRENDING_LIMIT": 15,
  "USE_BINANCE_API": true,
  "BINANCE_LIMIT": 20,
  "USE_CRYPTOCOMPARE_API": true,
  "CRYPTOCOMPARE_LIMIT": 15,
  "RPC_URLS": [
    "https://bsc-dataseed.binance.org/",
    "https://bsc-dataseed1.defibit.io/",
    "https://bsc-dataseed1.ninicoin.io/",
    "https://bsc.publicnode.com"
  ],
  "WALLET_ADDRESS": "YOUR_BSC_WALLET_ADDRESS",
  "PRIVATE_KEY": "",

  "HTTP_PORT": 8088,
  "HOST": "0.0.0.0",
  "LIVE_TRADING": true

  "GC_SHORT_WINDOW": 50,
  "GC_LONG_WINDOW": 200
}