{
  "meta": {
    "has_pyproject": true,
    "has_setup_py": false,
    "has_requirements": false,
    "has_requirements_dev": false,
    "has_package_json": false,
    "has_dockerfile": false,
    "has_ci": true,
    "has_tests_dir": true
  },
  "file_count": 226,
  "py_file_count": 86,
  "syntax_ok": true,
  "entrypoints": [
    "aggbot/__main__.py",
    "aggbot/legacy/Aggressive Bot/main.py",
    "aggbot/legacy/Aggressive Bot/master_validator.py",
    "aggbot/legacy/Aggressive Bot/performance_monitor.py",
    "aggbot/legacy/Aggressive Bot/run.py",
    "aggbot/legacy/Aggressive Bot/terminal_monitor.py",
    "aggbot/legacy/Aggressive Bot/trading_utils.py",
    "aggbot/legacy/Aggressive Bot/train_model.py",
    "aggbot/legacy/Aggressive Bot/validate_strategies.py",
    "aggbot/legacy/Aggressive Bot/validate_strategies_production.py",
    "aggbot/legacy/Aggressive Bot/validate_strategies_ultra_optimized.py",
    "aggbot/legacy/Aggressive Bot/visualize_optimizer.py",
    "aggbot/legacy/Aggressive Bot/web_server.py",
    "aggbot/legacy_dedup/Aggressive Bot/main.py",
    "aggbot/legacy_dedup/Aggressive Bot/master_validator.py",
    "aggbot/legacy_dedup/Aggressive Bot/performance_monitor.py",
    "aggbot/legacy_dedup/Aggressive Bot/run.py",
    "aggbot/legacy_dedup/Aggressive Bot/terminal_monitor.py",
    "aggbot/legacy_dedup/Aggressive Bot/trading_utils.py",
    "aggbot/legacy_dedup/Aggressive Bot/train_model.py",
    "aggbot/legacy_dedup/Aggressive Bot/validate_strategies.py",
    "aggbot/legacy_dedup/Aggressive Bot/validate_strategies_production.py",
    "aggbot/legacy_dedup/Aggressive Bot/validate_strategies_ultra_optimized.py",
    "aggbot/legacy_dedup/Aggressive Bot/visualize_optimizer.py",
    "aggbot/legacy_dedup/Aggressive Bot/web_server.py",
    "tools/dedupe_legacy.py"
  ],
  "requirements_present": [],
  "test_files": [
    "aggbot/legacy/Aggressive Bot/test_bot_core.py",
    "aggbot/legacy/Aggressive Bot/test_risk_manager.py",
    "aggbot/legacy_dedup/Aggressive Bot/test_bot_core.py",
    "tests/test_smoke.py",
    "tests/test_strategy_contract.py"
  ],
  "env_vars_detected": {
    "PRIVATE_KEY": [
      "aggbot/legacy/Aggressive Bot/config.py",
      "aggbot/legacy_dedup/Aggressive Bot/config.py"
    ],
    "API_KEY": [
      "aggbot/legacy/Aggressive Bot/config.py",
      "aggbot/legacy_dedup/Aggressive Bot/config.py"
    ],
    "API_SECRET": [
      "aggbot/legacy/Aggressive Bot/config.py",
      "aggbot/legacy_dedup/Aggressive Bot/config.py"
    ]
  },
  "potential_secrets": []
}